data_io_setup,-1,136,0,1
init_kernel_run,0,59,0,1
init_kernels,-1,63,0,1
init_io,-1,2913,0,1
kernel_run,0,3258,0,1
kernel_run,1,3,0,1
kernel_run,2,797,0,1
kernel_run,3,2280,0,1
kernel_run,4,2,0,1
kernel_run,5,0,0,1
kernel_run,6,17,0,1
kernel_run,7,4,0,1
kernel_run,8,45,0,1
iteration_run,0,6484,0,1
iteration_io,0,3,0,1
kernel_run,0,3286,0,1
kernel_run,1,3,0,1
kernel_run,2,798,0,1
kernel_run,3,2307,0,1
kernel_run,4,2,0,1
kernel_run,5,0,0,1
kernel_run,6,17,0,1
kernel_run,7,4,0,1
kernel_run,8,45,0,1
iteration_run,1,6538,0,1
iteration_io,1,2,0,1
kernel_run,0,3305,0,1
kernel_run,1,3,0,1
kernel_run,2,800,0,1
kernel_run,3,2360,0,1
kernel_run,4,2,0,1
kernel_run,5,0,0,1
kernel_run,6,24,0,1
kernel_run,7,4,0,1
kernel_run,8,45,0,1
iteration_run,2,6568,0,1
iteration_io,2,1,0,1
kernel_run,0,3322,0,1
kernel_run,1,3,0,1
kernel_run,2,800,0,1
kernel_run,3,2334,0,1
kernel_run,4,2,0,1
kernel_run,5,0,0,1
kernel_run,6,24,0,1
kernel_run,7,4,0,1
kernel_run,8,44,0,1
iteration_run,3,6563,0,1
iteration_io,3,2,0,1
kernel_run,0,3330,0,1
kernel_run,1,3,0,1
kernel_run,2,802,0,1
kernel_run,3,2308,0,1
kernel_run,4,2,0,1
kernel_run,5,0,0,1
kernel_run,6,24,0,1
kernel_run,7,4,0,1
kernel_run,8,44,0,1
iteration_run,4,6548,0,1
iteration_io,4,2,0,1
kernel_run,0,3338,0,1
kernel_run,1,3,0,1
kernel_run,2,800,0,1
kernel_run,3,2339,0,1
kernel_run,4,2,0,1
kernel_run,5,0,0,1
kernel_run,6,24,0,1
kernel_run,7,4,0,1
kernel_run,8,45,0,1
iteration_run,5,6578,0,1
iteration_io,5,1,0,1
kernel_run,0,3732,0,1
kernel_run,1,3,0,1
kernel_run,2,1041,0,1
kernel_run,3,3111,0,1
kernel_run,4,2,0,1
kernel_run,5,0,0,1
kernel_run,6,24,0,1
kernel_run,7,4,0,1
kernel_run,8,45,0,1
iteration_run,6,7985,0,1
iteration_io,6,2,0,1
kernel_run,0,3326,0,1
kernel_run,1,3,0,1
kernel_run,2,802,0,1
kernel_run,3,2396,0,1
kernel_run,4,2,0,1
kernel_run,5,0,0,1
kernel_run,6,24,0,1
kernel_run,7,4,0,1
kernel_run,8,45,0,1
iteration_run,7,6625,0,1
iteration_io,7,1,0,1
kernel_run,0,3328,0,1
kernel_run,1,3,0,1
kernel_run,2,804,0,1
kernel_run,3,2340,0,1
kernel_run,4,2,0,1
kernel_run,5,0,0,1
kernel_run,6,24,0,1
kernel_run,7,4,0,1
kernel_run,8,45,0,1
iteration_run,8,6591,0,1
iteration_io,8,2,0,1
kernel_run,0,3344,0,1
kernel_run,1,3,0,1
kernel_run,2,800,0,1
kernel_run,3,2308,0,1
kernel_run,4,2,0,1
kernel_run,5,0,0,1
kernel_run,6,24,0,1
kernel_run,7,4,0,1
kernel_run,8,45,0,1
iteration_run,9,6551,0,1
iteration_io,9,1,0,1
kernel_run,0,3739,0,1
kernel_run,1,3,0,1
kernel_run,2,1039,0,1
kernel_run,3,3028,0,1
kernel_run,4,2,0,1
kernel_run,5,0,0,1
kernel_run,6,25,0,1
kernel_run,7,4,0,1
kernel_run,8,44,0,1
iteration_run,10,7911,0,1
iteration_io,10,2,0,1
kernel_run,0,3321,0,1
kernel_run,1,3,0,1
kernel_run,2,807,0,1
kernel_run,3,2304,0,1
kernel_run,4,2,0,1
kernel_run,5,0,0,1
kernel_run,6,24,0,1
kernel_run,7,4,0,1
kernel_run,8,45,0,1
iteration_run,11,6532,0,1
iteration_io,11,2,0,1
kernel_run,0,3327,0,1
kernel_run,1,3,0,1
kernel_run,2,799,0,1
kernel_run,3,2345,0,1
kernel_run,4,2,0,1
kernel_run,5,0,0,1
kernel_run,6,24,0,1
kernel_run,7,4,0,1
kernel_run,8,45,0,1
iteration_run,12,6583,0,1
iteration_io,12,1,0,1
kernel_run,0,3335,0,1
kernel_run,1,3,0,1
kernel_run,2,799,0,1
kernel_run,3,2333,0,1
kernel_run,4,2,0,1
kernel_run,5,0,0,1
kernel_run,6,24,0,1
kernel_run,7,4,0,1
kernel_run,8,44,0,1
iteration_run,13,6574,0,1
iteration_io,13,1,0,1
kernel_run,0,3733,0,1
kernel_run,1,3,0,1
kernel_run,2,1037,0,1
kernel_run,3,3069,0,1
kernel_run,4,2,0,1
kernel_run,5,0,0,1
kernel_run,6,24,0,1
kernel_run,7,4,0,1
kernel_run,8,44,0,1
iteration_run,14,7937,0,1
iteration_io,14,1,0,1
kernel_run,0,3321,0,1
kernel_run,1,3,0,1
kernel_run,2,799,0,1
kernel_run,3,2319,0,1
kernel_run,4,2,0,1
kernel_run,5,0,0,1
kernel_run,6,24,0,1
kernel_run,7,4,0,1
kernel_run,8,45,0,1
iteration_run,15,6552,0,1
iteration_io,15,1,0,1
kernel_run,0,3329,0,1
kernel_run,1,3,0,1
kernel_run,2,797,0,1
kernel_run,3,2286,0,1
kernel_run,4,2,0,1
kernel_run,5,0,0,1
kernel_run,6,24,0,1
kernel_run,7,4,0,1
kernel_run,8,44,0,1
iteration_run,16,6562,0,1
iteration_io,16,1,0,1
kernel_run,0,3338,0,1
kernel_run,1,3,0,1
kernel_run,2,797,0,1
kernel_run,3,2291,0,1
kernel_run,4,2,0,1
kernel_run,5,0,0,1
kernel_run,6,24,0,1
kernel_run,7,4,0,1
kernel_run,8,45,0,1
iteration_run,17,6527,0,1
iteration_io,17,2,0,1
kernel_run,0,3734,0,1
kernel_run,1,3,0,1
kernel_run,2,1040,0,1
kernel_run,3,3053,0,1
kernel_run,4,2,0,1
kernel_run,5,0,0,1
kernel_run,6,17,0,1
kernel_run,7,4,0,1
kernel_run,8,44,0,1
iteration_run,18,7937,0,1
iteration_io,18,2,0,1
kernel_run,0,3322,0,1
kernel_run,1,3,0,1
kernel_run,2,799,0,1
kernel_run,3,2349,0,1
kernel_run,4,2,0,1
kernel_run,5,0,0,1
kernel_run,6,17,0,1
kernel_run,7,4,0,1
kernel_run,8,45,0,1
iteration_run,19,6570,0,1
iteration_io,19,2,0,1
kernel_run,0,3332,0,1
kernel_run,1,3,0,1
kernel_run,2,799,0,1
kernel_run,3,2355,0,1
kernel_run,4,2,0,1
kernel_run,5,0,0,1
kernel_run,6,17,0,1
kernel_run,7,4,0,1
kernel_run,8,45,0,1
iteration_run,20,6601,0,1
iteration_io,20,2,0,1
kernel_run,0,3333,0,1
kernel_run,1,3,0,1
kernel_run,2,800,0,1
kernel_run,3,2331,0,1
kernel_run,4,2,0,1
kernel_run,5,0,0,1
kernel_run,6,17,0,1
kernel_run,7,4,0,1
kernel_run,8,45,0,1
iteration_run,21,6578,0,1
iteration_io,21,2,0,1
kernel_run,0,3734,0,1
kernel_run,1,3,0,1
kernel_run,2,1037,0,1
kernel_run,3,3047,0,1
kernel_run,4,2,0,1
kernel_run,5,0,0,1
kernel_run,6,17,0,1
kernel_run,7,4,0,1
kernel_run,8,45,0,1
iteration_run,22,7938,0,1
iteration_io,22,2,0,1
kernel_run,0,3318,0,1
kernel_run,1,3,0,1
kernel_run,2,799,0,1
kernel_run,3,2324,0,1
kernel_run,4,2,0,1
kernel_run,5,0,0,1
kernel_run,6,17,0,1
kernel_run,7,4,0,1
kernel_run,8,44,0,1
iteration_run,23,6541,0,1
iteration_io,23,1,0,1
kernel_run,0,3329,0,1
kernel_run,1,3,0,1
kernel_run,2,800,0,1
kernel_run,3,2331,0,1
kernel_run,4,2,0,1
kernel_run,5,0,0,1
kernel_run,6,23,0,1
kernel_run,7,4,0,1
kernel_run,8,45,0,1
iteration_run,24,6603,0,1
iteration_io,24,1,0,1
kernel_run,0,3717,0,1
kernel_run,1,3,0,1
kernel_run,2,1037,0,1
kernel_run,3,3076,0,1
kernel_run,4,2,0,1
kernel_run,5,0,0,1
kernel_run,6,23,0,1
kernel_run,7,4,0,1
kernel_run,8,45,0,1
iteration_run,25,7927,0,1
iteration_io,25,2,0,1
kernel_run,0,3314,0,1
kernel_run,1,3,0,1
kernel_run,2,800,0,1
kernel_run,3,2345,0,1
kernel_run,4,2,0,1
kernel_run,5,0,0,1
kernel_run,6,22,0,1
kernel_run,7,4,0,1
kernel_run,8,45,0,1
iteration_run,26,6557,0,1
iteration_io,26,1,0,1
kernel_run,0,3319,0,1
kernel_run,1,3,0,1
kernel_run,2,799,0,1
kernel_run,3,2318,0,1
kernel_run,4,2,0,1
kernel_run,5,0,0,1
kernel_run,6,24,0,1
kernel_run,7,4,0,1
kernel_run,8,45,0,1
iteration_run,27,6599,0,1
iteration_io,27,12,0,1
kernel_run,0,3331,0,1
kernel_run,1,3,0,1
kernel_run,2,795,0,1
kernel_run,3,2296,0,1
kernel_run,4,2,0,1
kernel_run,5,0,0,1
kernel_run,6,17,0,1
kernel_run,7,4,0,1
kernel_run,8,45,0,1
iteration_run,28,6650,0,1
iteration_io,28,2,0,1
kernel_run,0,3715,0,1
kernel_run,1,3,0,1
kernel_run,2,1034,0,1
kernel_run,3,2999,0,1
kernel_run,4,2,0,1
kernel_run,5,0,0,1
kernel_run,6,17,0,1
kernel_run,7,4,0,1
kernel_run,8,44,0,1
iteration_run,29,7888,0,1
iteration_io,29,2,0,1
kernel_run,0,3316,0,1
kernel_run,1,3,0,1
kernel_run,2,798,0,1
kernel_run,3,2302,0,1
kernel_run,4,2,0,1
kernel_run,5,0,0,1
kernel_run,6,17,0,1
kernel_run,7,4,0,1
kernel_run,8,45,0,1
iteration_run,30,6531,0,1
iteration_io,30,2,0,1
kernel_run,0,3322,0,1
kernel_run,1,3,0,1
kernel_run,2,800,0,1
kernel_run,3,2354,0,1
kernel_run,4,2,0,1
kernel_run,5,0,0,1
kernel_run,6,24,0,1
kernel_run,7,4,0,1
kernel_run,8,45,0,1
iteration_run,31,6576,0,1
iteration_io,31,2,0,1
kernel_run,0,3330,0,1
kernel_run,1,3,0,1
kernel_run,2,800,0,1
kernel_run,3,2330,0,1
kernel_run,4,2,0,1
kernel_run,5,0,0,1
kernel_run,6,24,0,1
kernel_run,7,4,0,1
kernel_run,8,44,0,1
iteration_run,32,6565,0,1
iteration_io,32,1,0,1
kernel_run,0,3727,0,1
kernel_run,1,3,0,1
kernel_run,2,1039,0,1
kernel_run,3,3034,0,1
kernel_run,4,2,0,1
kernel_run,5,0,0,1
kernel_run,6,24,0,1
kernel_run,7,4,0,1
kernel_run,8,44,0,1
iteration_run,33,7924,0,1
iteration_io,33,2,0,1
kernel_run,0,3319,0,1
kernel_run,1,3,0,1
kernel_run,2,800,0,1
kernel_run,3,2337,0,1
kernel_run,4,2,0,1
kernel_run,5,0,0,1
kernel_run,6,24,0,1
kernel_run,7,4,0,1
kernel_run,8,44,0,1
iteration_run,34,6555,0,1
iteration_io,34,2,0,1
kernel_run,0,3325,0,1
kernel_run,1,3,0,1
kernel_run,2,804,0,1
kernel_run,3,2352,0,1
kernel_run,4,2,0,1
kernel_run,5,0,0,1
kernel_run,6,24,0,1
kernel_run,7,4,0,1
kernel_run,8,44,0,1
iteration_run,35,6582,0,1
iteration_io,35,1,0,1
kernel_run,0,3336,0,1
kernel_run,1,3,0,1
kernel_run,2,801,0,1
kernel_run,3,2388,0,1
kernel_run,4,2,0,1
kernel_run,5,0,0,1
kernel_run,6,24,0,1
kernel_run,7,4,0,1
kernel_run,8,45,0,1
iteration_run,36,6642,0,1
iteration_io,36,1,0,1
kernel_run,0,3734,0,1
kernel_run,1,3,0,1
kernel_run,2,1037,0,1
kernel_run,3,3079,0,1
kernel_run,4,2,0,1
kernel_run,5,0,0,1
kernel_run,6,24,0,1
kernel_run,7,4,0,1
kernel_run,8,44,0,1
iteration_run,37,7960,0,1
iteration_io,37,2,0,1
kernel_run,0,3319,0,1
kernel_run,1,3,0,1
kernel_run,2,800,0,1
kernel_run,3,2308,0,1
kernel_run,4,2,0,1
kernel_run,5,0,0,1
kernel_run,6,24,0,1
kernel_run,7,4,0,1
kernel_run,8,44,0,1
iteration_run,38,6543,0,1
iteration_io,38,2,0,1
kernel_run,0,3330,0,1
kernel_run,1,3,0,1
kernel_run,2,800,0,1
kernel_run,3,2301,0,1
kernel_run,4,2,0,1
kernel_run,5,0,0,1
kernel_run,6,24,0,1
kernel_run,7,4,0,1
kernel_run,8,44,0,1
iteration_run,39,6530,0,1
iteration_io,39,1,0,1
kernel_run,0,3336,0,1
kernel_run,1,3,0,1
kernel_run,2,799,0,1
kernel_run,3,2306,0,1
kernel_run,4,2,0,1
kernel_run,5,0,0,1
kernel_run,6,24,0,1
kernel_run,7,4,0,1
kernel_run,8,45,0,1
iteration_run,40,6542,0,1
iteration_io,40,2,0,1
kernel_run,0,3731,0,1
kernel_run,1,3,0,1
kernel_run,2,1039,0,1
kernel_run,3,3094,0,1
kernel_run,4,2,0,1
kernel_run,5,0,0,1
kernel_run,6,25,0,1
kernel_run,7,4,0,1
kernel_run,8,44,0,1
iteration_run,41,7965,0,1
iteration_io,41,1,0,1
kernel_run,0,3321,0,1
kernel_run,1,3,0,1
kernel_run,2,799,0,1
kernel_run,3,2338,0,1
kernel_run,4,2,0,1
kernel_run,5,0,0,1
kernel_run,6,24,0,1
kernel_run,7,4,0,1
kernel_run,8,45,0,1
iteration_run,42,6590,0,1
iteration_io,42,2,0,1
kernel_run,0,3328,0,1
kernel_run,1,3,0,1
kernel_run,2,800,0,1
kernel_run,3,2334,0,1
kernel_run,4,2,0,1
kernel_run,5,0,0,1
kernel_run,6,24,0,1
kernel_run,7,4,0,1
kernel_run,8,44,0,1
iteration_run,43,6571,0,1
iteration_io,43,2,0,1
kernel_run,0,3334,0,1
kernel_run,1,3,0,1
kernel_run,2,800,0,1
kernel_run,3,2324,0,1
kernel_run,4,2,0,1
kernel_run,5,0,0,1
kernel_run,6,24,0,1
kernel_run,7,4,0,1
kernel_run,8,45,0,1
iteration_run,44,6559,0,1
iteration_io,44,2,0,1
kernel_run,0,3732,0,1
kernel_run,1,3,0,1
kernel_run,2,1033,0,1
kernel_run,3,3016,0,1
kernel_run,4,2,0,1
kernel_run,5,0,0,1
kernel_run,6,24,0,1
kernel_run,7,4,0,1
kernel_run,8,44,0,1
iteration_run,45,7884,0,1
iteration_io,45,2,0,1
kernel_run,0,3319,0,1
kernel_run,1,3,0,1
kernel_run,2,799,0,1
kernel_run,3,2296,0,1
kernel_run,4,2,0,1
kernel_run,5,0,0,1
kernel_run,6,24,0,1
kernel_run,7,4,0,1
kernel_run,8,45,0,1
iteration_run,46,6513,0,1
iteration_io,46,2,0,1
kernel_run,0,3332,0,1
kernel_run,1,3,0,1
kernel_run,2,802,0,1
kernel_run,3,2328,0,1
kernel_run,4,2,0,1
kernel_run,5,0,0,1
kernel_run,6,17,0,1
kernel_run,7,4,0,1
kernel_run,8,45,0,1
iteration_run,47,6555,0,1
iteration_io,47,2,0,1
kernel_run,0,3341,0,1
kernel_run,1,3,0,1
kernel_run,2,804,0,1
kernel_run,3,2372,0,1
kernel_run,4,2,0,1
kernel_run,5,0,0,1
kernel_run,6,17,0,1
kernel_run,7,4,0,1
kernel_run,8,45,0,1
iteration_run,48,6619,0,1
iteration_io,48,3,0,1
kernel_run,0,3719,0,1
kernel_run,1,3,0,1
kernel_run,2,1029,0,1
kernel_run,3,3088,0,1
kernel_run,4,2,0,1
kernel_run,5,0,0,1
kernel_run,6,17,0,1
kernel_run,7,4,0,1
kernel_run,8,45,0,1
iteration_run,49,7944,0,1
iteration_io,49,2,0,1
kernel_run,0,3330,0,1
kernel_run,1,3,0,1
kernel_run,2,807,0,1
kernel_run,3,2364,0,1
kernel_run,4,2,0,1
kernel_run,5,0,0,1
kernel_run,6,17,0,1
kernel_run,7,4,0,1
kernel_run,8,45,0,1
iteration_run,50,6600,0,1
iteration_io,50,1,0,1
kernel_run,0,3329,0,1
kernel_run,1,3,0,1
kernel_run,2,802,0,1
kernel_run,3,2330,0,1
kernel_run,4,2,0,1
kernel_run,5,0,0,1
kernel_run,6,17,0,1
kernel_run,7,4,0,1
kernel_run,8,45,0,1
iteration_run,51,6556,0,1
iteration_io,51,2,0,1
kernel_run,0,3689,0,1
kernel_run,1,3,0,1
kernel_run,2,1022,0,1
kernel_run,3,3027,0,1
kernel_run,4,2,0,1
kernel_run,5,0,0,1
kernel_run,6,17,0,1
kernel_run,7,4,0,1
kernel_run,8,45,0,1
iteration_run,52,7833,0,1
iteration_io,52,2,0,1
kernel_run,0,3328,0,1
kernel_run,1,3,0,1
kernel_run,2,809,0,1
kernel_run,3,2367,0,1
kernel_run,4,2,0,1
kernel_run,5,0,0,1
kernel_run,6,23,0,1
kernel_run,7,4,0,1
kernel_run,8,45,0,1
iteration_run,53,6610,0,1
iteration_io,53,1,0,1
kernel_run,0,3321,0,1
kernel_run,1,3,0,1
kernel_run,2,805,0,1
kernel_run,3,2359,0,1
kernel_run,4,2,0,1
kernel_run,5,0,0,1
kernel_run,6,23,0,1
kernel_run,7,4,0,1
kernel_run,8,45,0,1
iteration_run,54,6582,0,1
iteration_io,54,2,0,1
kernel_run,0,3333,0,1
kernel_run,1,3,0,1
kernel_run,2,804,0,1
kernel_run,3,2362,0,1
kernel_run,4,2,0,1
kernel_run,5,0,0,1
kernel_run,6,23,0,1
kernel_run,7,4,0,1
kernel_run,8,45,0,1
iteration_run,55,6597,0,1
iteration_io,55,1,0,1
kernel_run,0,3690,0,1
kernel_run,1,3,0,1
kernel_run,2,1023,0,1
kernel_run,3,3017,0,1
kernel_run,4,2,0,1
kernel_run,5,0,0,1
kernel_run,6,24,0,1
kernel_run,7,4,0,1
kernel_run,8,45,0,1
iteration_run,56,7829,0,1
iteration_io,56,2,0,1
kernel_run,0,3319,0,1
kernel_run,1,3,0,1
kernel_run,2,804,0,1
kernel_run,3,2332,0,1
kernel_run,4,2,0,1
kernel_run,5,0,0,1
kernel_run,6,17,0,1
kernel_run,7,4,0,1
kernel_run,8,45,0,1
iteration_run,57,6548,0,1
iteration_io,57,2,0,1
kernel_run,0,3322,0,1
kernel_run,1,3,0,1
kernel_run,2,804,0,1
kernel_run,3,2305,0,1
kernel_run,4,2,0,1
kernel_run,5,0,0,1
kernel_run,6,17,0,1
kernel_run,7,4,0,1
kernel_run,8,45,0,1
iteration_run,58,6531,0,1
iteration_io,58,2,0,1
kernel_run,0,3331,0,1
kernel_run,1,3,0,1
kernel_run,2,802,0,1
kernel_run,3,2320,0,1
kernel_run,4,2,0,1
kernel_run,5,0,0,1
kernel_run,6,17,0,1
kernel_run,7,4,0,1
kernel_run,8,45,0,1
iteration_run,59,6746,0,1
iteration_io,59,1,0,1
kernel_run,0,3690,0,1
kernel_run,1,3,0,1
kernel_run,2,1024,0,1
kernel_run,3,3069,0,1
kernel_run,4,2,0,1
kernel_run,5,0,0,1
kernel_run,6,24,0,1
kernel_run,7,4,0,1
kernel_run,8,45,0,1
iteration_run,60,7901,0,1
iteration_io,60,2,0,1
kernel_run,0,3328,0,1
kernel_run,1,3,0,1
kernel_run,2,809,0,1
kernel_run,3,2369,0,1
kernel_run,4,2,0,1
kernel_run,5,0,0,1
kernel_run,6,24,0,1
kernel_run,7,4,0,1
kernel_run,8,45,0,1
iteration_run,61,6615,0,1
iteration_io,61,8,0,1
kernel_run,0,3321,0,1
kernel_run,1,3,0,1
kernel_run,2,807,0,1
kernel_run,3,2327,0,1
kernel_run,4,2,0,1
kernel_run,5,0,0,1
kernel_run,6,24,0,1
kernel_run,7,4,0,1
kernel_run,8,45,0,1
iteration_run,62,6558,0,1
iteration_io,62,1,0,1
kernel_run,0,3335,0,1
kernel_run,1,3,0,1
kernel_run,2,805,0,1
kernel_run,3,2357,0,1
kernel_run,4,2,0,1
kernel_run,5,0,0,1
kernel_run,6,24,0,1
kernel_run,7,4,0,1
kernel_run,8,45,0,1
iteration_run,63,6595,0,1
iteration_io,63,1,0,1
kernel_run,0,3703,0,1
kernel_run,1,3,0,1
kernel_run,2,1027,0,1
kernel_run,3,3067,0,1
kernel_run,4,2,0,1
kernel_run,5,0,0,1
kernel_run,6,24,0,1
kernel_run,7,4,0,1
kernel_run,8,45,0,1
iteration_run,64,7950,0,1
iteration_io,64,2,0,1
kernel_run,0,3328,0,1
kernel_run,1,3,0,1
kernel_run,2,811,0,1
kernel_run,3,2429,0,1
kernel_run,4,2,0,1
kernel_run,5,0,0,1
kernel_run,6,24,0,1
kernel_run,7,4,0,1
kernel_run,8,45,0,1
iteration_run,65,6698,0,1
iteration_io,65,1,0,1
kernel_run,0,3330,0,1
kernel_run,1,3,0,1
kernel_run,2,805,0,1
kernel_run,3,2358,0,1
kernel_run,4,2,0,1
kernel_run,5,0,0,1
kernel_run,6,24,0,1
kernel_run,7,4,0,1
kernel_run,8,45,0,1
iteration_run,66,6591,0,1
iteration_io,66,2,0,1
kernel_run,0,3334,0,1
kernel_run,1,3,0,1
kernel_run,2,806,0,1
kernel_run,3,2333,0,1
kernel_run,4,2,0,1
kernel_run,5,0,0,1
kernel_run,6,24,0,1
kernel_run,7,4,0,1
kernel_run,8,45,0,1
iteration_run,67,6649,0,1
iteration_io,67,2,0,1
kernel_run,0,3705,0,1
kernel_run,1,3,0,1
kernel_run,2,1025,0,1
kernel_run,3,2995,0,1
kernel_run,4,2,0,1
kernel_run,5,0,0,1
kernel_run,6,24,0,1
kernel_run,7,4,0,1
kernel_run,8,44,0,1
iteration_run,68,7851,0,1
iteration_io,68,2,0,1
kernel_run,0,3329,0,1
kernel_run,1,3,0,1
kernel_run,2,809,0,1
kernel_run,3,2342,0,1
kernel_run,4,2,0,1
kernel_run,5,0,0,1
kernel_run,6,24,0,1
kernel_run,7,4,0,1
kernel_run,8,45,0,1
iteration_run,69,6579,0,1
iteration_io,69,1,0,1
kernel_run,0,3334,0,1
kernel_run,1,3,0,1
kernel_run,2,808,0,1
kernel_run,3,2373,0,1
kernel_run,4,2,0,1
kernel_run,5,0,0,1
kernel_run,6,24,0,1
kernel_run,7,4,0,1
kernel_run,8,44,0,1
iteration_run,70,6621,0,1
iteration_io,70,2,0,1
kernel_run,0,3336,0,1
kernel_run,1,3,0,1
kernel_run,2,807,0,1
kernel_run,3,2366,0,1
kernel_run,4,2,0,1
kernel_run,5,0,0,1
kernel_run,6,24,0,1
kernel_run,7,4,0,1
kernel_run,8,45,0,1
iteration_run,71,6611,0,1
iteration_io,71,2,0,1
kernel_run,0,3704,0,1
kernel_run,1,3,0,1
kernel_run,2,1025,0,1
kernel_run,3,3048,0,1
kernel_run,4,2,0,1
kernel_run,5,0,0,1
kernel_run,6,24,0,1
kernel_run,7,4,0,1
kernel_run,8,44,0,1
iteration_run,72,7876,0,1
iteration_io,72,1,0,1
kernel_run,0,3327,0,1
kernel_run,1,3,0,1
kernel_run,2,808,0,1
kernel_run,3,2351,0,1
kernel_run,4,2,0,1
kernel_run,5,0,0,1
kernel_run,6,24,0,1
kernel_run,7,4,0,1
kernel_run,8,45,0,1
iteration_run,73,6596,0,1
iteration_io,73,2,0,1
kernel_run,0,3329,0,1
kernel_run,1,3,0,1
kernel_run,2,805,0,1
kernel_run,3,2319,0,1
kernel_run,4,2,0,1
kernel_run,5,0,0,1
kernel_run,6,24,0,1
kernel_run,7,4,0,1
kernel_run,8,45,0,1
iteration_run,74,6586,0,1
iteration_io,74,13,0,1
kernel_run,0,3677,0,1
kernel_run,1,3,0,1
kernel_run,2,1014,0,1
kernel_run,3,2974,0,1
kernel_run,4,2,0,1
kernel_run,5,0,0,1
kernel_run,6,24,0,1
kernel_run,7,4,0,1
kernel_run,8,45,0,1
iteration_run,75,7766,0,1
iteration_io,75,2,0,1
kernel_run,0,3335,0,1
kernel_run,1,3,0,1
kernel_run,2,816,0,1
kernel_run,3,2380,0,1
kernel_run,4,2,0,1
kernel_run,5,0,0,1
kernel_run,6,17,0,1
kernel_run,7,4,0,1
kernel_run,8,45,0,1
iteration_run,76,6623,0,1
iteration_io,76,2,0,1
kernel_run,0,3335,0,1
kernel_run,1,3,0,1
kernel_run,2,809,0,1
kernel_run,3,2379,0,1
kernel_run,4,2,0,1
kernel_run,5,0,0,1
kernel_run,6,17,0,1
kernel_run,7,4,0,1
kernel_run,8,45,0,1
iteration_run,77,6615,0,1
iteration_io,77,1,0,1
kernel_run,0,3342,0,1
kernel_run,1,3,0,1
kernel_run,2,808,0,1
kernel_run,3,2402,0,1
kernel_run,4,2,0,1
kernel_run,5,0,0,1
kernel_run,6,17,0,1
kernel_run,7,4,0,1
kernel_run,8,45,0,1
iteration_run,78,6645,0,1
iteration_io,78,1,0,1
kernel_run,0,3688,0,1
kernel_run,1,3,0,1
kernel_run,2,1020,0,1
kernel_run,3,3024,0,1
kernel_run,4,2,0,1
kernel_run,5,0,0,1
kernel_run,6,17,0,1
kernel_run,7,4,0,1
kernel_run,8,44,0,1
iteration_run,79,7822,0,1
iteration_io,79,2,0,1
kernel_run,0,3335,0,1
kernel_run,1,3,0,1
kernel_run,2,817,0,1
kernel_run,3,2377,0,1
kernel_run,4,2,0,1
kernel_run,5,0,0,1
kernel_run,6,17,0,1
kernel_run,7,4,0,1
kernel_run,8,45,0,1
iteration_run,80,6645,0,1
iteration_io,80,2,0,1
kernel_run,0,3327,0,1
kernel_run,1,3,0,1
kernel_run,2,808,0,1
kernel_run,3,2361,0,1
kernel_run,4,2,0,1
kernel_run,5,0,0,1
kernel_run,6,17,0,1
kernel_run,7,4,0,1
kernel_run,8,45,0,1
iteration_run,81,6608,0,1
iteration_io,81,5,0,1
kernel_run,0,3344,0,1
kernel_run,1,3,0,1
kernel_run,2,810,0,1
kernel_run,3,2357,0,1
kernel_run,4,2,0,1
kernel_run,5,0,0,1
kernel_run,6,22,0,1
kernel_run,7,4,0,1
kernel_run,8,44,0,1
iteration_run,82,6608,0,1
iteration_io,82,1,0,1
kernel_run,0,3689,0,1
kernel_run,1,3,0,1
kernel_run,2,1019,0,1
kernel_run,3,3018,0,1
kernel_run,4,2,0,1
kernel_run,5,0,0,1
kernel_run,6,22,0,1
kernel_run,7,4,0,1
kernel_run,8,45,0,1
iteration_run,83,7827,0,1
iteration_io,83,2,0,1
kernel_run,0,3336,0,1
kernel_run,1,3,0,1
kernel_run,2,816,0,1
kernel_run,3,2400,0,1
kernel_run,4,2,0,1
kernel_run,5,0,0,1
kernel_run,6,23,0,1
kernel_run,7,4,0,1
kernel_run,8,45,0,1
iteration_run,84,6650,0,1
iteration_io,84,2,0,1
kernel_run,0,3333,0,1
kernel_run,1,3,0,1
kernel_run,2,810,0,1
kernel_run,3,2360,0,1
kernel_run,4,2,0,1
kernel_run,5,0,0,1
kernel_run,6,24,0,1
kernel_run,7,4,0,1
kernel_run,8,45,0,1
iteration_run,85,6603,0,1
iteration_io,85,2,0,1
kernel_run,0,3340,0,1
kernel_run,1,3,0,1
kernel_run,2,807,0,1
kernel_run,3,2337,0,1
kernel_run,4,2,0,1
kernel_run,5,0,0,1
kernel_run,6,17,0,1
kernel_run,7,4,0,1
kernel_run,8,45,0,1
iteration_run,86,6576,0,1
iteration_io,86,2,0,1
kernel_run,0,3686,0,1
kernel_run,1,3,0,1
kernel_run,2,1017,0,1
kernel_run,3,2961,0,1
kernel_run,4,2,0,1
kernel_run,5,0,0,1
kernel_run,6,17,0,1
kernel_run,7,4,0,1
kernel_run,8,45,0,1
iteration_run,87,7762,0,1
iteration_io,87,2,0,1
kernel_run,0,3333,0,1
kernel_run,1,3,0,1
kernel_run,2,813,0,1
kernel_run,3,2367,0,1
kernel_run,4,2,0,1
kernel_run,5,0,0,1
kernel_run,6,17,0,1
kernel_run,7,4,0,1
kernel_run,8,45,0,1
iteration_run,88,6606,0,1
iteration_io,88,2,0,1
kernel_run,0,3339,0,1
kernel_run,1,3,0,1
kernel_run,2,812,0,1
kernel_run,3,2382,0,1
kernel_run,4,2,0,1
kernel_run,5,0,0,1
kernel_run,6,24,0,1
kernel_run,7,4,0,1
kernel_run,8,45,0,1
iteration_run,89,6631,0,1
iteration_io,89,1,0,1
kernel_run,0,3342,0,1
kernel_run,1,3,0,1
kernel_run,2,814,0,1
kernel_run,3,2375,0,1
kernel_run,4,2,0,1
kernel_run,5,0,0,1
kernel_run,6,24,0,1
kernel_run,7,4,0,1
kernel_run,8,45,0,1
iteration_run,90,6638,0,1
iteration_io,90,2,0,1
kernel_run,0,3700,0,1
kernel_run,1,3,0,1
kernel_run,2,1022,0,1
kernel_run,3,2986,0,1
kernel_run,4,2,0,1
kernel_run,5,0,0,1
kernel_run,6,24,0,1
kernel_run,7,4,0,1
kernel_run,8,44,0,1
iteration_run,91,7811,0,1
iteration_io,91,2,0,1
kernel_run,0,3335,0,1
kernel_run,1,3,0,1
kernel_run,2,814,0,1
kernel_run,3,2407,0,1
kernel_run,4,2,0,1
kernel_run,5,0,0,1
kernel_run,6,24,0,1
kernel_run,7,4,0,1
kernel_run,8,45,0,1
iteration_run,92,6685,0,1
iteration_io,92,2,0,1
kernel_run,0,3343,0,1
kernel_run,1,3,0,1
kernel_run,2,814,0,1
kernel_run,3,2423,0,1
kernel_run,4,2,0,1
kernel_run,5,0,0,1
kernel_run,6,24,0,1
kernel_run,7,4,0,1
kernel_run,8,45,0,1
iteration_run,93,6679,0,1
iteration_io,93,2,0,1
kernel_run,0,3344,0,1
kernel_run,1,3,0,1
kernel_run,2,814,0,1
kernel_run,3,2428,0,1
kernel_run,4,2,0,1
kernel_run,5,0,0,1
kernel_run,6,24,0,1
kernel_run,7,4,0,1
kernel_run,8,45,0,1
iteration_run,94,6687,0,1
iteration_io,94,1,0,1
kernel_run,0,3701,0,1
kernel_run,1,3,0,1
kernel_run,2,1023,0,1
kernel_run,3,3068,0,1
kernel_run,4,2,0,1
kernel_run,5,0,0,1
kernel_run,6,24,0,1
kernel_run,7,4,0,1
kernel_run,8,45,0,1
iteration_run,95,7892,0,1
iteration_io,95,1,0,1
kernel_run,0,3339,0,1
kernel_run,1,3,0,1
kernel_run,2,814,0,1
kernel_run,3,2367,0,1
kernel_run,4,2,0,1
kernel_run,5,0,0,1
kernel_run,6,25,0,1
kernel_run,7,4,0,1
kernel_run,8,45,0,1
iteration_run,96,6642,0,1
iteration_io,96,1,0,1
kernel_run,0,3345,0,1
kernel_run,1,3,0,1
kernel_run,2,812,0,1
kernel_run,3,2342,0,1
kernel_run,4,2,0,1
kernel_run,5,0,0,1
kernel_run,6,25,0,1
kernel_run,7,4,0,1
kernel_run,8,45,0,1
iteration_run,97,6602,0,1
iteration_io,97,1,0,1
kernel_run,0,3347,0,1
kernel_run,1,3,0,1
kernel_run,2,812,0,1
kernel_run,3,2362,0,1
kernel_run,4,2,0,1
kernel_run,5,0,0,1
kernel_run,6,24,0,1
kernel_run,7,4,0,1
kernel_run,8,45,0,1
iteration_run,98,6622,0,1
iteration_io,98,1,0,1
kernel_run,0,3703,0,1
kernel_run,1,3,0,1
kernel_run,2,1023,0,1
kernel_run,3,3060,0,1
kernel_run,4,2,0,1
kernel_run,5,0,0,1
kernel_run,6,24,0,1
kernel_run,7,4,0,1
kernel_run,8,44,0,1
iteration_run,99,7904,0,1
iteration_io,99,3,0,1
